date,count,package
2020-01-01,0,mlr3oml
2020-01-02,0,mlr3oml
2020-01-03,0,mlr3oml
2020-01-04,0,mlr3oml
2020-01-05,0,mlr3oml
2020-01-06,0,mlr3oml
2020-01-07,0,mlr3oml
2020-01-08,0,mlr3oml
2020-01-09,0,mlr3oml
2020-01-10,0,mlr3oml
2020-01-11,0,mlr3oml
2020-01-12,0,mlr3oml
2020-01-13,0,mlr3oml
2020-01-14,0,mlr3oml
2020-01-15,0,mlr3oml
2020-01-16,0,mlr3oml
2020-01-17,0,mlr3oml
2020-01-18,0,mlr3oml
2020-01-19,0,mlr3oml
2020-01-20,0,mlr3oml
2020-01-21,0,mlr3oml
2020-01-22,0,mlr3oml
2020-01-23,0,mlr3oml
2020-01-24,0,mlr3oml
2020-01-25,0,mlr3oml
2020-01-26,0,mlr3oml
2020-01-27,0,mlr3oml
2020-01-28,0,mlr3oml
2020-01-29,0,mlr3oml
2020-01-30,0,mlr3oml
2020-01-31,0,mlr3oml
2020-02-01,0,mlr3oml
2020-02-02,0,mlr3oml
2020-02-03,0,mlr3oml
2020-02-04,0,mlr3oml
2020-02-05,0,mlr3oml
2020-02-06,0,mlr3oml
2020-02-07,0,mlr3oml
2020-02-08,0,mlr3oml
2020-02-09,0,mlr3oml
2020-02-10,0,mlr3oml
2020-02-11,0,mlr3oml
2020-02-12,0,mlr3oml
2020-02-13,0,mlr3oml
2020-02-14,0,mlr3oml
2020-02-15,0,mlr3oml
2020-02-16,0,mlr3oml
2020-02-17,0,mlr3oml
2020-02-18,0,mlr3oml
2020-02-19,0,mlr3oml
2020-02-20,0,mlr3oml
2020-02-21,0,mlr3oml
2020-02-22,0,mlr3oml
2020-02-23,0,mlr3oml
2020-02-24,0,mlr3oml
2020-02-25,0,mlr3oml
2020-02-26,0,mlr3oml
2020-02-27,0,mlr3oml
2020-02-28,0,mlr3oml
2020-02-29,0,mlr3oml
2020-03-01,0,mlr3oml
2020-03-02,0,mlr3oml
2020-03-03,0,mlr3oml
2020-03-04,0,mlr3oml
2020-03-05,0,mlr3oml
2020-03-06,0,mlr3oml
2020-03-07,0,mlr3oml
2020-03-08,0,mlr3oml
2020-03-09,0,mlr3oml
2020-03-10,0,mlr3oml
2020-03-11,0,mlr3oml
2020-03-12,0,mlr3oml
2020-03-13,0,mlr3oml
2020-03-14,0,mlr3oml
2020-03-15,0,mlr3oml
2020-03-16,0,mlr3oml
2020-03-17,0,mlr3oml
2020-03-18,0,mlr3oml
2020-03-19,0,mlr3oml
2020-03-20,0,mlr3oml
2020-03-21,0,mlr3oml
2020-03-22,0,mlr3oml
2020-03-23,0,mlr3oml
2020-03-24,0,mlr3oml
2020-03-25,0,mlr3oml
2020-03-26,0,mlr3oml
2020-03-27,0,mlr3oml
2020-03-28,0,mlr3oml
2020-03-29,0,mlr3oml
2020-03-30,0,mlr3oml
2020-03-31,0,mlr3oml
2020-04-01,0,mlr3oml
2020-04-02,0,mlr3oml
2020-04-03,0,mlr3oml
2020-04-04,0,mlr3oml
2020-04-05,0,mlr3oml
2020-04-06,0,mlr3oml
2020-04-07,0,mlr3oml
2020-04-08,0,mlr3oml
2020-04-09,0,mlr3oml
2020-04-10,0,mlr3oml
2020-04-11,0,mlr3oml
2020-04-12,0,mlr3oml
2020-04-13,0,mlr3oml
2020-04-14,0,mlr3oml
2020-04-15,0,mlr3oml
2020-04-16,0,mlr3oml
2020-04-17,0,mlr3oml
2020-04-18,0,mlr3oml
2020-04-19,0,mlr3oml
2020-04-20,0,mlr3oml
2020-04-21,0,mlr3oml
2020-04-22,0,mlr3oml
2020-04-23,0,mlr3oml
2020-04-24,0,mlr3oml
2020-04-25,0,mlr3oml
2020-04-26,0,mlr3oml
2020-04-27,0,mlr3oml
2020-04-28,0,mlr3oml
2020-04-29,0,mlr3oml
2020-04-30,0,mlr3oml
2020-05-01,0,mlr3oml
2020-05-02,0,mlr3oml
2020-05-03,0,mlr3oml
2020-05-04,0,mlr3oml
2020-05-05,0,mlr3oml
2020-05-06,0,mlr3oml
2020-05-07,0,mlr3oml
2020-05-08,0,mlr3oml
2020-05-09,0,mlr3oml
2020-05-10,0,mlr3oml
2020-05-11,0,mlr3oml
2020-05-12,0,mlr3oml
2020-05-13,0,mlr3oml
2020-05-14,0,mlr3oml
2020-05-15,0,mlr3oml
2020-05-16,0,mlr3oml
2020-05-17,0,mlr3oml
2020-05-18,0,mlr3oml
2020-05-19,0,mlr3oml
2020-05-20,0,mlr3oml
2020-05-21,0,mlr3oml
2020-05-22,0,mlr3oml
2020-05-23,0,mlr3oml
2020-05-24,0,mlr3oml
2020-05-25,0,mlr3oml
2020-05-26,0,mlr3oml
2020-05-27,0,mlr3oml
2020-05-28,0,mlr3oml
2020-05-29,0,mlr3oml
2020-05-30,0,mlr3oml
2020-05-31,0,mlr3oml
2020-06-01,0,mlr3oml
2020-06-02,0,mlr3oml
2020-06-03,0,mlr3oml
2020-06-04,0,mlr3oml
2020-06-05,0,mlr3oml
2020-06-06,0,mlr3oml
2020-06-07,0,mlr3oml
2020-06-08,0,mlr3oml
2020-06-09,0,mlr3oml
2020-06-10,0,mlr3oml
2020-06-11,0,mlr3oml
2020-06-12,0,mlr3oml
2020-06-13,0,mlr3oml
2020-06-14,0,mlr3oml
2020-06-15,0,mlr3oml
2020-06-16,0,mlr3oml
2020-06-17,0,mlr3oml
2020-06-18,0,mlr3oml
2020-06-19,0,mlr3oml
2020-06-20,0,mlr3oml
2020-06-21,0,mlr3oml
2020-06-22,0,mlr3oml
2020-06-23,0,mlr3oml
2020-06-24,0,mlr3oml
2020-06-25,0,mlr3oml
2020-06-26,0,mlr3oml
2020-06-27,0,mlr3oml
2020-06-28,0,mlr3oml
2020-06-29,0,mlr3oml
2020-06-30,0,mlr3oml
2020-07-01,0,mlr3oml
2020-07-02,0,mlr3oml
2020-07-03,0,mlr3oml
2020-07-04,0,mlr3oml
2020-07-05,0,mlr3oml
2020-07-06,0,mlr3oml
2020-07-07,0,mlr3oml
2020-07-08,0,mlr3oml
2020-07-09,0,mlr3oml
2020-07-10,0,mlr3oml
2020-07-11,0,mlr3oml
2020-07-12,0,mlr3oml
2020-07-13,0,mlr3oml
2020-07-14,0,mlr3oml
2020-07-15,0,mlr3oml
2020-07-16,0,mlr3oml
2020-07-17,0,mlr3oml
2020-07-18,0,mlr3oml
2020-07-19,0,mlr3oml
2020-07-20,0,mlr3oml
2020-07-21,0,mlr3oml
2020-07-22,0,mlr3oml
2020-07-23,0,mlr3oml
2020-07-24,0,mlr3oml
2020-07-25,0,mlr3oml
2020-07-26,0,mlr3oml
2020-07-27,0,mlr3oml
2020-07-28,0,mlr3oml
2020-07-29,0,mlr3oml
2020-07-30,0,mlr3oml
2020-07-31,0,mlr3oml
2020-08-01,0,mlr3oml
2020-08-02,0,mlr3oml
2020-08-03,0,mlr3oml
2020-08-04,0,mlr3oml
2020-08-05,0,mlr3oml
2020-08-06,0,mlr3oml
2020-08-07,7,mlr3oml
2020-08-08,6,mlr3oml
2020-08-09,10,mlr3oml
2020-08-10,18,mlr3oml
2020-08-11,31,mlr3oml
2020-08-12,19,mlr3oml
2020-08-13,30,mlr3oml
2020-08-14,29,mlr3oml
2020-08-15,18,mlr3oml
2020-08-16,17,mlr3oml
2020-08-17,21,mlr3oml
2020-08-18,23,mlr3oml
2020-08-19,30,mlr3oml
2020-08-20,18,mlr3oml
2020-08-21,23,mlr3oml
2020-08-22,17,mlr3oml
2020-08-23,10,mlr3oml
2020-08-24,19,mlr3oml
2020-08-25,19,mlr3oml
2020-08-26,36,mlr3oml
2020-08-27,29,mlr3oml
2020-08-28,20,mlr3oml
2020-08-29,28,mlr3oml
2020-08-30,26,mlr3oml
2020-08-31,26,mlr3oml
2020-09-01,24,mlr3oml
2020-09-02,25,mlr3oml
2020-09-03,19,mlr3oml
2020-09-04,17,mlr3oml
2020-09-05,20,mlr3oml
2020-09-06,14,mlr3oml
2020-09-07,21,mlr3oml
2020-09-08,22,mlr3oml
2020-09-09,26,mlr3oml
2020-09-10,14,mlr3oml
2020-09-11,18,mlr3oml
2020-09-12,21,mlr3oml
2020-09-13,16,mlr3oml
2020-09-14,30,mlr3oml
2020-09-15,27,mlr3oml
2020-09-16,15,mlr3oml
2020-09-17,30,mlr3oml
2020-09-18,19,mlr3oml
2020-09-19,15,mlr3oml
2020-09-20,13,mlr3oml
2020-09-21,15,mlr3oml
2020-09-22,18,mlr3oml
2020-09-23,20,mlr3oml
2020-09-24,8,mlr3oml
2020-09-25,10,mlr3oml
2020-09-26,11,mlr3oml
2020-09-27,12,mlr3oml
2020-09-28,17,mlr3oml
2020-09-29,22,mlr3oml
2020-09-30,17,mlr3oml
2020-10-01,18,mlr3oml
2020-10-02,14,mlr3oml
2020-10-03,11,mlr3oml
2020-10-04,15,mlr3oml
2020-10-05,27,mlr3oml
2020-10-06,37,mlr3oml
2020-10-07,39,mlr3oml
2020-10-08,26,mlr3oml
2020-10-09,28,mlr3oml
2020-10-10,21,mlr3oml
2020-10-11,22,mlr3oml
2020-10-12,22,mlr3oml
2020-10-13,30,mlr3oml
2020-10-14,35,mlr3oml
2020-10-15,20,mlr3oml
2020-10-16,19,mlr3oml
2020-10-17,3,mlr3oml
2020-10-18,16,mlr3oml
2020-10-19,23,mlr3oml
2020-10-20,38,mlr3oml
2020-10-21,38,mlr3oml
2020-10-22,31,mlr3oml
2020-10-23,34,mlr3oml
2020-10-24,25,mlr3oml
2020-10-25,28,mlr3oml
2020-10-26,32,mlr3oml
2020-10-27,26,mlr3oml
2020-10-28,28,mlr3oml
2020-10-29,37,mlr3oml
2020-10-30,29,mlr3oml
2020-10-31,10,mlr3oml
2020-11-01,16,mlr3oml
2020-11-02,11,mlr3oml
2020-11-03,21,mlr3oml
2020-11-04,10,mlr3oml
2020-11-05,21,mlr3oml
2020-11-06,17,mlr3oml
2020-11-07,16,mlr3oml
2020-11-08,10,mlr3oml
2020-11-09,21,mlr3oml
2020-11-10,13,mlr3oml
2020-11-11,23,mlr3oml
2020-11-12,17,mlr3oml
2020-11-13,11,mlr3oml
2020-11-14,9,mlr3oml
2020-11-15,10,mlr3oml
2020-11-16,11,mlr3oml
2020-11-17,17,mlr3oml
2020-11-18,22,mlr3oml
2020-11-19,17,mlr3oml
2020-11-20,8,mlr3oml
2020-11-21,10,mlr3oml
2020-11-22,8,mlr3oml
2020-11-23,8,mlr3oml
2020-11-24,14,mlr3oml
2020-11-25,13,mlr3oml
2020-11-26,7,mlr3oml
2020-11-27,12,mlr3oml
2020-11-28,11,mlr3oml
2020-11-29,8,mlr3oml
2020-11-30,13,mlr3oml
2020-12-01,13,mlr3oml
2020-12-02,24,mlr3oml
2020-12-03,18,mlr3oml
2020-12-04,14,mlr3oml
2020-12-05,13,mlr3oml
2020-12-06,13,mlr3oml
2020-12-07,12,mlr3oml
2020-12-08,10,mlr3oml
2020-12-09,21,mlr3oml
2020-12-10,17,mlr3oml
2020-12-11,10,mlr3oml
2020-12-12,13,mlr3oml
2020-12-13,15,mlr3oml
2020-12-14,16,mlr3oml
2020-12-15,12,mlr3oml
2020-12-16,10,mlr3oml
2020-12-17,16,mlr3oml
2020-12-18,9,mlr3oml
2020-12-19,12,mlr3oml
2020-12-20,13,mlr3oml
2020-12-21,9,mlr3oml
2020-12-22,15,mlr3oml
2020-12-23,21,mlr3oml
2020-12-24,6,mlr3oml
2020-12-25,9,mlr3oml
2020-12-26,7,mlr3oml
2020-12-27,9,mlr3oml
2020-12-28,14,mlr3oml
2020-12-29,11,mlr3oml
2020-12-30,15,mlr3oml
2020-12-31,9,mlr3oml
2021-01-01,12,mlr3oml
2021-01-02,13,mlr3oml
2021-01-03,9,mlr3oml
2021-01-04,8,mlr3oml
2021-01-05,8,mlr3oml
2021-01-06,19,mlr3oml
2021-01-07,9,mlr3oml
2021-01-08,8,mlr3oml
2021-01-09,11,mlr3oml
2021-01-10,10,mlr3oml
2021-01-11,12,mlr3oml
2021-01-12,12,mlr3oml
2021-01-13,16,mlr3oml
2021-01-14,16,mlr3oml
2021-01-15,9,mlr3oml
2021-01-16,6,mlr3oml
2021-01-17,9,mlr3oml
2021-01-18,12,mlr3oml
2021-01-19,11,mlr3oml
2021-01-20,16,mlr3oml
2021-01-21,8,mlr3oml
2021-01-22,5,mlr3oml
2021-01-23,11,mlr3oml
2021-01-24,9,mlr3oml
2021-01-25,14,mlr3oml
2021-01-26,10,mlr3oml
2021-01-27,45,mlr3oml
2021-01-28,19,mlr3oml
2021-01-29,24,mlr3oml
2021-01-30,40,mlr3oml
2021-01-31,27,mlr3oml
2021-02-01,28,mlr3oml
2021-02-02,22,mlr3oml
2021-02-03,32,mlr3oml
2021-02-04,20,mlr3oml
2021-02-05,18,mlr3oml
2021-02-06,23,mlr3oml
2021-02-07,18,mlr3oml
2021-02-08,12,mlr3oml
2021-02-09,15,mlr3oml
2021-02-10,24,mlr3oml
2021-02-11,19,mlr3oml
2021-02-12,16,mlr3oml
2021-02-13,17,mlr3oml
2021-02-14,5,mlr3oml
2021-02-15,33,mlr3oml
2021-02-16,25,mlr3oml
2021-02-17,23,mlr3oml
2021-02-18,22,mlr3oml
2021-02-19,15,mlr3oml
2021-02-20,13,mlr3oml
2021-02-21,13,mlr3oml
2021-02-22,34,mlr3oml
2021-02-23,18,mlr3oml
2021-02-24,55,mlr3oml
2021-02-25,41,mlr3oml
2021-02-26,26,mlr3oml
2021-02-27,19,mlr3oml
2021-02-28,17,mlr3oml
2021-03-01,20,mlr3oml
2021-03-02,19,mlr3oml
2021-03-03,50,mlr3oml
2021-03-04,24,mlr3oml
2021-03-05,27,mlr3oml
2021-03-06,25,mlr3oml
2021-03-07,17,mlr3oml
2021-03-08,25,mlr3oml
2021-03-09,25,mlr3oml
2021-03-10,29,mlr3oml
2021-03-11,20,mlr3oml
2021-03-12,20,mlr3oml
2021-03-13,20,mlr3oml
2021-03-14,15,mlr3oml
2021-03-15,22,mlr3oml
2021-03-16,16,mlr3oml
2021-03-17,25,mlr3oml
2021-03-18,15,mlr3oml
2021-03-19,11,mlr3oml
2021-03-20,12,mlr3oml
2021-03-21,4,mlr3oml
2021-03-22,12,mlr3oml
2021-03-23,8,mlr3oml
2021-03-24,26,mlr3oml
2021-03-25,9,mlr3oml
2021-03-26,19,mlr3oml
2021-03-27,2,mlr3oml
2021-03-28,14,mlr3oml
2021-03-29,9,mlr3oml
2021-03-30,17,mlr3oml
2021-03-31,19,mlr3oml
2021-04-01,11,mlr3oml
2021-04-02,3,mlr3oml
2021-04-03,12,mlr3oml
2021-04-04,7,mlr3oml
2021-04-05,13,mlr3oml
2021-04-06,4,mlr3oml
2021-04-07,35,mlr3oml
2021-04-08,22,mlr3oml
2021-04-09,13,mlr3oml
2021-04-10,15,mlr3oml
2021-04-11,14,mlr3oml
2021-04-12,18,mlr3oml
2021-04-13,21,mlr3oml
2021-04-14,22,mlr3oml
2021-04-15,9,mlr3oml
2021-04-16,33,mlr3oml
2021-04-17,34,mlr3oml
2021-04-18,22,mlr3oml
2021-04-19,29,mlr3oml
2021-04-20,43,mlr3oml
2021-04-21,29,mlr3oml
2021-04-22,46,mlr3oml
2021-04-23,19,mlr3oml
2021-04-24,25,mlr3oml
2021-04-25,2,mlr3oml
2021-04-26,31,mlr3oml
2021-04-27,19,mlr3oml
2021-04-28,33,mlr3oml
2021-04-29,7,mlr3oml
2021-04-30,8,mlr3oml
2021-05-01,16,mlr3oml
2021-05-02,13,mlr3oml
2021-05-03,13,mlr3oml
2021-05-04,22,mlr3oml
2021-05-05,17,mlr3oml
2021-05-06,32,mlr3oml
2021-05-07,10,mlr3oml
2021-05-08,11,mlr3oml
2021-05-09,2,mlr3oml
2021-05-10,14,mlr3oml
2021-05-11,15,mlr3oml
2021-05-12,40,mlr3oml
2021-05-13,15,mlr3oml
2021-05-14,15,mlr3oml
2021-05-15,8,mlr3oml
2021-05-16,15,mlr3oml
2021-05-17,9,mlr3oml
2021-05-18,28,mlr3oml
2021-05-19,25,mlr3oml
2021-05-20,24,mlr3oml
2021-05-21,15,mlr3oml
2021-05-22,19,mlr3oml
2021-05-23,15,mlr3oml
2021-05-24,12,mlr3oml
2021-05-25,20,mlr3oml
2021-05-26,27,mlr3oml
2021-05-27,11,mlr3oml
2021-05-28,16,mlr3oml
2021-05-29,5,mlr3oml
2021-05-30,12,mlr3oml
2021-05-31,41,mlr3oml
2021-06-01,66,mlr3oml
2021-06-02,35,mlr3oml
2021-06-03,16,mlr3oml
2021-06-04,6,mlr3oml
2021-06-05,5,mlr3oml
2021-06-06,14,mlr3oml
2021-06-07,9,mlr3oml
2021-06-08,17,mlr3oml
2021-06-09,28,mlr3oml
